{
  "total_queries": 3,
  "correct_responses": 3,
  "response_times": [
    4.444189548492432,
    0.0005328655242919922,
    0.0
  ],
  "context_retention_score": 0,
  "unknown_query_handling": 100.0,
  "medical_accuracy": 100.0,
  "errors": 0,
  "accuracy": 100.0,
  "avg_response_time": 1.4815741380055745,
  "max_response_time": 4.444189548492432,
  "min_response_time": 0.0,
  "timestamp": "2025-05-20 22:57:11",
  "model": "tinyllama"
}